City_ID,City,Country,Date,Lat,Lng,Max Temp,Humidity,Cloudiness,Wind Speed
0,Thompson,CA,2021-06-11 11:00:55,55.7435,-97.8558,47.71,88,81,10.49
1,Ilulissat,GL,2021-06-11 11:03:48,69.2167,-51.1,37.42,75,75,4.61
2,Ribeira Grande,PT,2021-06-11 11:03:48,38.5167,-28.7,68.4,94,75,3.44
3,Fairbanks,US,2021-06-11 11:03:48,64.8378,-147.7164,53.24,75,99,1.41
4,Pevek,RU,2021-06-11 11:03:48,69.7008,170.3133,30.79,91,83,11.34
5,Nikolskoye,RU,2021-06-11 11:03:49,59.7035,30.7861,76.89,42,94,2.62
6,Bonavista,CA,2021-06-11 11:03:49,48.6499,-53.1147,39.22,94,100,23.13
7,Longyearbyen,SJ,2021-06-11 11:03:09,78.2186,15.6401,35.44,69,75,6.91
8,Aksarka,RU,2021-06-11 11:03:49,66.5606,67.7975,65.03,45,99,20.45
9,Saldanha,ZA,2021-06-11 11:03:50,-33.0117,17.9442,69.28,46,7,15.14
10,Ust-Ilimsk,RU,2021-06-11 11:03:50,58.0006,102.6619,60.94,28,99,7.09
11,Bredasdorp,ZA,2021-06-11 11:03:50,-34.5322,20.0403,73.27,45,14,4.16
12,Avarua,CK,2021-06-11 11:03:51,-21.2078,-159.775,71.65,78,11,5.75
13,Gizo,SB,2021-06-11 11:03:51,-8.103,156.8419,82.15,79,63,8.55
14,Hobart,AU,2021-06-11 11:03:51,-42.8794,147.3294,55.92,96,75,3.0
15,Faanui,PF,2021-06-11 11:03:52,-16.4833,-151.75,74.5,94,69,5.91
16,Georgetown,MY,2021-06-11 11:03:52,5.4112,100.3354,86.9,72,20,6.91
17,Mataura,NZ,2021-06-11 11:03:52,-46.1927,168.8643,38.39,98,23,2.51
18,Kargasok,RU,2021-06-11 11:03:53,59.0556,80.8572,63.52,32,60,3.2
19,Sitka,US,2021-06-11 11:03:53,57.0531,-135.33,50.05,83,100,4.74
20,Puerto Ayora,EC,2021-06-11 11:03:53,-0.7393,-90.3518,72.55,94,94,3.0
21,Rikitea,PF,2021-06-11 11:03:53,-23.1203,-134.9692,74.01,79,100,17.38
22,Hasaki,JP,2021-06-11 11:03:54,35.7333,140.8333,68.29,72,88,10.78
23,Albany,US,2021-06-11 11:00:11,42.6001,-73.9662,58.64,68,19,1.99
24,Leningradskiy,RU,2021-06-11 11:03:54,69.3833,178.4167,32.18,95,100,5.08
25,Kaitangata,NZ,2021-06-11 11:03:55,-46.2817,169.8464,44.92,84,52,2.51
26,Ushuaia,AR,2021-06-11 11:01:44,-54.8,-68.3,35.02,92,85,4.79
27,Jamestown,US,2021-06-11 10:59:27,42.097,-79.2353,66.33,92,2,1.99
28,Viersen,DE,2021-06-11 11:03:55,51.25,6.3833,80.26,62,20,6.91
29,Saint George,US,2021-06-11 11:03:55,37.1041,-113.5841,61.79,16,1,6.91
30,Busselton,AU,2021-06-11 11:03:56,-33.65,115.3333,58.05,79,84,3.11
31,Gidam,IN,2021-06-11 11:03:56,18.9833,81.4,78.66,85,100,7.94
32,Norman Wells,CA,2021-06-11 11:03:56,65.282,-126.8329,56.43,70,69,6.06
33,Richards Bay,ZA,2021-06-11 11:03:57,-28.783,32.0377,73.22,58,0,6.38
34,Tuktoyaktuk,CA,2021-06-11 11:03:57,69.4541,-133.0374,36.93,84,44,6.69
35,Okhotsk,RU,2021-06-11 11:03:57,59.3833,143.3,48.65,63,98,3.24
36,Beni,CD,2021-06-11 11:03:58,0.5,29.4667,87.8,28,26,3.47
37,Sibolga,ID,2021-06-11 11:03:58,1.7427,98.7792,81.18,78,64,1.77
38,Bengkulu,ID,2021-06-11 11:03:58,-3.8004,102.2655,80.76,75,98,3.22
39,Cabo San Lucas,MX,2021-06-11 10:59:48,22.8909,-109.9124,83.41,62,15,6.96
40,Vaini,TO,2021-06-11 11:03:59,-21.2,-175.2,71.76,83,20,12.66
41,Bhadrachalam,IN,2021-06-11 11:03:59,17.6667,80.8833,77.18,86,100,8.03
42,Atuona,PF,2021-06-11 11:03:59,-9.8,-139.0333,78.93,77,11,9.35
43,Petropavlovsk-Kamchatskiy,RU,2021-06-11 11:04:00,53.0452,158.6483,56.37,62,94,11.65
44,Barrow,US,2021-06-11 11:04:00,71.2906,-156.7887,33.82,86,90,4.61
45,Carnarvon,AU,2021-06-11 11:04:00,-24.8667,113.6333,69.53,70,17,10.11
46,Glendive,US,2021-06-11 11:01:22,47.1053,-104.7125,56.95,94,90,20.71
47,Almaznyy,RU,2021-06-11 11:04:01,48.0448,40.045,75.34,62,53,10.89
48,Aswan,EG,2021-06-11 11:04:01,24.0934,32.907,110.1,8,0,12.75
49,Raudeberg,NO,2021-06-11 11:04:02,61.9875,5.1352,62.2,98,100,28.1
50,Ngunguru,NZ,2021-06-11 11:04:02,-35.6167,174.5,57.16,77,98,9.42
51,Alta,NO,2021-06-11 11:04:02,69.9689,23.2717,74.44,51,0,1.99
52,Broome,US,2021-06-11 11:04:03,42.2506,-75.833,63.18,77,20,4.0
53,Beringovskiy,RU,2021-06-11 11:04:03,63.05,179.3167,36.07,100,100,7.43
54,Cape Town,ZA,2021-06-11 11:00:38,-33.9258,18.4232,78.12,42,12,4.29
55,Souillac,MU,2021-06-11 11:04:03,-20.5167,57.5167,77.36,75,47,19.86
56,Dikson,RU,2021-06-11 11:04:04,73.5069,80.5464,32.25,99,100,2.44
57,Vila Franca Do Campo,PT,2021-06-11 11:04:04,37.7167,-25.4333,66.61,67,21,3.42
58,Kahului,US,2021-06-11 11:03:06,20.8947,-156.47,73.98,81,11,12.46
59,Geraldton,AU,2021-06-11 11:04:04,-28.7667,114.6,64.81,82,40,0.0
60,Vanimo,PG,2021-06-11 11:01:16,-2.6741,141.3028,78.94,86,100,7.63
61,Yagodnoye,RU,2021-06-11 11:04:05,62.55,149.6667,48.4,54,65,3.87
62,Ahuimanu,US,2021-06-11 11:04:05,21.4447,-157.8378,76.71,76,90,12.66
63,La Ronge,CA,2021-06-11 11:04:06,55.1001,-105.2842,55.62,94,90,10.36
64,Nouadhibou,MR,2021-06-11 11:04:06,20.931,-17.0347,84.18,48,38,6.91
65,Pathein,MM,2021-06-11 11:04:06,16.7833,94.7333,78.64,88,100,12.77
66,Castro,BR,2021-06-11 11:04:06,-24.7911,-50.0119,55.87,97,86,4.65
67,Yellowknife,CA,2021-06-11 10:59:44,62.456,-114.3525,52.32,100,90,9.22
68,Dawlatabad,AF,2021-06-11 11:04:07,36.4141,64.9053,105.53,9,0,17.96
69,Stornoway,GB,2021-06-11 11:04:07,58.2093,-6.3865,56.93,67,75,16.11
70,Ancud,CL,2021-06-11 11:04:08,-41.8697,-73.8203,56.43,96,100,19.06
71,Wagar,SD,2021-06-11 11:04:08,16.1525,36.2032,103.69,19,11,6.17
72,Vitim,RU,2021-06-11 11:04:08,59.4511,112.5578,54.82,67,100,3.51
73,Hithadhoo,MV,2021-06-11 11:04:09,-0.6,73.0833,83.98,73,98,12.21
74,Padang,ID,2021-06-11 11:04:09,-0.9492,100.3543,84.25,78,62,2.59
75,Kulhudhuffushi,MV,2021-06-11 11:04:09,6.6221,73.07,83.26,75,100,16.31
76,Andenes,NO,2021-06-11 11:03:09,69.3143,16.1194,58.98,82,75,14.97
77,Alihe,CN,2021-06-11 11:04:10,50.5667,123.7167,65.03,62,50,2.26
78,Kyabe,TD,2021-06-11 11:04:10,9.4515,18.9449,100.69,26,93,5.03
79,Lompoc,US,2021-06-11 11:04:10,34.6391,-120.4579,60.13,100,1,11.5
80,Toyooka,JP,2021-06-11 11:04:11,35.5333,134.8333,69.73,75,100,6.58
81,Nisia Floresta,BR,2021-06-11 11:04:11,-6.0911,-35.2086,79.61,70,93,11.95
82,Camacha,PT,2021-06-11 11:04:11,33.0833,-16.3333,75.96,68,20,13.8
83,Batagay-Alyta,RU,2021-06-11 11:04:11,67.8006,130.4114,61.99,38,85,9.22
84,Kununurra,AU,2021-06-11 11:04:12,-15.7667,128.7333,62.58,55,90,1.14
85,Chapleau,CA,2021-06-11 11:00:14,47.8405,-83.4034,50.5,99,100,7.52
86,Husavik,IS,2021-06-11 11:04:12,66.0449,-17.3389,38.68,97,100,18.66
87,Punta Arenas,CL,2021-06-11 11:02:02,-53.15,-70.9167,39.13,90,96,5.57
88,Constitucion,CL,2021-06-11 11:04:13,-35.3333,-72.4167,50.65,70,41,6.29
89,Nome,US,2021-06-11 11:01:57,64.5011,-165.4064,40.15,94,99,3.62
90,Souris,CA,2021-06-11 11:04:13,49.6172,-100.2612,61.74,97,100,9.01
91,Tasiilaq,GL,2021-06-11 11:04:13,65.6145,-37.6368,41.16,95,100,2.37
92,Kilgore,US,2021-06-11 11:04:14,32.3863,-94.8758,78.46,88,90,9.22
93,Puri,IN,2021-06-11 11:04:14,19.8,85.85,90.12,71,98,9.73
94,Plettenberg Bay,ZA,2021-06-11 11:04:14,-34.0527,23.3716,76.14,40,6,2.86
95,Ikwiriri,TZ,2021-06-11 11:04:15,-7.9562,38.9716,85.5,43,27,10.16
96,Provideniya,RU,2021-06-11 11:04:15,64.3833,-173.3,40.73,90,100,5.28
97,Najran,SA,2021-06-11 11:04:15,17.4924,44.1277,98.85,7,100,15.39
98,Sao Felix Do Xingu,BR,2021-06-11 11:03:59,-6.6447,-51.995,72.88,75,15,1.59
99,Mehamn,NO,2021-06-11 11:04:16,71.0357,27.8492,67.95,52,0,13.8
100,Soe,ID,2021-06-11 11:04:16,-9.8607,124.284,66.61,90,94,4.7
101,Rawson,AR,2021-06-11 11:04:16,-43.3002,-65.1023,51.37,59,90,17.29
102,Glinka,RU,2021-06-11 11:04:17,54.6404,32.8781,56.97,95,100,6.24
103,Port Elizabeth,ZA,2021-06-11 11:04:17,-33.918,25.5701,82.09,35,1,6.62
104,Cherskiy,RU,2021-06-11 11:04:17,68.75,161.3,37.35,70,54,11.43
105,Matara,LK,2021-06-11 11:04:17,5.9485,80.5353,83.35,74,99,11.99
106,Mar Del Plata,AR,2021-06-11 11:01:50,-38.0023,-57.5575,46.09,41,65,7.0
107,Griffith,US,2021-06-11 11:04:18,41.5284,-87.4237,71.89,93,1,0.0
108,Benguela,AO,2021-06-11 11:04:18,-12.5763,13.4055,87.4,41,29,7.16
109,Batagay,RU,2021-06-11 11:04:19,67.6333,134.6333,61.09,48,32,6.24
110,Lebu,CL,2021-06-11 11:04:19,-37.6167,-73.65,52.25,78,94,3.18
111,Kargil,IN,2021-06-11 11:04:19,34.5667,76.1,64.15,23,1,8.28
112,Wanlaweyn,SO,2021-06-11 11:04:20,2.6185,44.8938,87.46,42,85,21.99
113,Fortuna,US,2021-06-11 11:04:20,40.5982,-124.1573,56.35,62,90,1.01
114,Przasnysz,PL,2021-06-11 11:04:20,53.0191,20.8803,74.68,50,64,6.55
115,Carutapera,BR,2021-06-11 11:04:21,-1.195,-46.02,72.36,96,100,6.44
116,Bluff,NZ,2021-06-11 11:04:21,-46.6,168.3333,43.99,80,35,5.55
117,Celestun,MX,2021-06-11 11:04:21,20.8667,-90.4,78.21,80,100,9.1
118,Pisco,PE,2021-06-11 11:04:22,-13.7,-76.2167,64.45,77,90,3.44
119,Thayetmyo,MM,2021-06-11 11:04:22,19.3167,95.1833,76.89,95,100,8.52
120,Hermanus,ZA,2021-06-11 11:04:22,-34.4187,19.2345,75.9,52,15,3.94
121,Sarakhs,IR,2021-06-11 11:02:10,36.5449,61.1577,108.27,8,0,14.52
122,Ratnagiri,IN,2021-06-11 11:04:23,16.9833,73.3,84.11,79,69,15.23
123,Kerema,PG,2021-06-11 11:04:23,-7.9631,145.7785,79.83,88,33,3.83
124,Andreapol,RU,2021-06-11 11:04:23,56.6513,32.2664,53.24,95,100,6.6
125,Qaanaaq,GL,2021-06-11 11:04:24,77.484,-69.3632,36.84,68,90,7.78
126,Fuxin,CN,2021-06-11 11:04:24,42.0156,121.6589,78.37,61,28,7.74
127,Sinop,TR,2021-06-11 11:04:24,41.7711,34.8709,64.83,58,27,9.08
128,Glenwood Springs,US,2021-06-11 11:04:24,39.5505,-107.3248,51.6,71,0,2.8
129,Kapaa,US,2021-06-11 11:04:25,22.0752,-159.319,75.52,74,90,1.99
130,Chakrata,IN,2021-06-11 11:04:25,30.7,77.85,78.64,41,81,4.94
131,Kasongo-Lunda,CD,2021-06-11 11:04:26,-6.4667,16.8167,94.84,25,63,4.09
132,Tilichiki,RU,2021-06-11 11:04:26,60.4667,166.1,44.26,80,98,1.52
133,Semnan,IR,2021-06-11 11:04:26,35.5729,53.3971,98.78,8,0,12.24
134,Vostok,RU,2021-06-11 11:04:27,46.4856,135.8833,57.34,96,100,4.72
135,Ponta Do Sol,PT,2021-06-11 11:04:27,32.6667,-17.1,79.43,37,0,4.16
136,Ramgarh,IN,2021-06-11 11:04:27,23.6333,85.5167,91.45,56,85,8.37
137,Roma,US,2021-06-11 11:04:28,43.2128,-75.4557,64.94,68,1,5.75
138,Tutoia,BR,2021-06-11 11:04:28,-2.7619,-42.2744,77.22,88,100,4.09
139,Arlit,NE,2021-06-11 11:04:28,18.7369,7.3853,106.74,7,1,3.69
140,Airai,TL,2021-06-11 11:04:28,-8.9266,125.4092,59.99,93,96,3.09
141,Finschhafen,PG,2021-06-11 11:04:29,-6.6024,147.8681,79.68,81,17,6.53
142,Asau,RO,2021-06-11 11:04:29,46.4333,26.4,68.92,75,99,1.54
143,Mahebourg,MU,2021-06-11 11:01:06,-20.4081,57.7,77.25,73,68,20.27
144,Keti Bandar,PK,2021-06-11 11:04:30,24.1447,67.4497,89.4,65,2,22.01
145,Bethel,US,2021-06-11 11:04:30,41.3712,-73.414,59.99,81,40,3.44
146,Baoqing,CN,2021-06-11 11:04:30,46.3317,132.2111,61.12,96,100,5.64
147,Tazovskiy,RU,2021-06-11 11:04:31,67.4667,78.7,46.15,88,100,10.71
148,Uruzgan,AF,2021-06-11 11:04:31,32.8333,66.0,99.34,3,0,7.52
149,Matamoros,MX,2021-06-11 11:04:31,25.5333,-103.25,76.1,31,40,2.21
150,Liberal,US,2021-06-11 11:04:31,37.0431,-100.921,72.64,94,1,8.05
151,Guadalupe Y Calvo,MX,2021-06-11 11:04:32,26.1,-106.9667,58.28,43,31,5.14
152,Esperance,AU,2021-06-11 11:04:32,-33.8667,121.9,60.96,77,100,9.28
153,Amalfi,CO,2021-06-11 11:04:32,6.9102,-75.0776,57.47,98,92,2.75
154,Tashtyp,RU,2021-06-11 11:04:33,52.7939,89.8983,57.78,68,99,8.37
155,Shimoda,JP,2021-06-11 11:04:33,34.6667,138.95,67.1,82,100,3.31
156,Agirish,RU,2021-06-11 11:04:33,61.9247,63.0231,75.78,23,21,6.06
157,Coquimbo,CL,2021-06-11 11:00:10,-29.9533,-71.3436,44.6,100,90,9.22
158,Port Keats,AU,2021-06-11 11:04:34,-14.25,129.55,71.53,41,55,7.14
159,Matam,SN,2021-06-11 11:04:34,15.6175,-13.3303,94.37,33,95,11.32
160,Salinas,US,2021-06-11 10:59:56,36.6777,-121.6555,51.82,74,11,1.92
161,Bandarbeyla,SO,2021-06-11 11:04:35,9.4942,50.8122,92.95,45,94,25.68
162,Severo-Kurilsk,RU,2021-06-11 11:04:35,50.6789,156.125,47.32,82,93,3.71
163,Sao Filipe,CV,2021-06-11 11:04:35,14.8961,-24.4956,73.58,84,99,3.13
164,Saskylakh,RU,2021-06-11 11:04:35,71.9167,114.0833,47.3,80,87,19.84
165,Eldorado,BR,2021-06-11 11:04:36,-23.7869,-54.2836,62.89,95,100,7.56
166,Ola,RU,2021-06-11 11:04:36,59.5833,151.2833,45.01,76,49,3.0
167,Matadi,CD,2021-06-11 11:04:37,-5.8167,13.45,92.23,47,56,6.08
168,Nara,JP,2021-06-11 11:04:37,34.6851,135.8049,76.91,50,100,3.02
169,Chuy,UY,2021-06-11 11:04:37,-33.6971,-53.4616,46.0,82,0,10.16
170,Codrington,AU,2021-06-11 11:04:38,-38.2667,141.9667,51.85,85,3,4.43
171,Westport,US,2021-06-11 11:04:38,41.1415,-73.3579,62.38,80,1,4.0
172,Alexandria,EG,2021-06-11 11:00:39,31.2156,29.9553,79.74,51,5,11.7
173,Nizwa,OM,2021-06-11 11:04:38,22.9333,57.5333,110.5,15,8,8.32
174,Chokurdakh,RU,2021-06-11 11:04:39,70.6333,147.9167,52.68,39,0,11.72
175,Ust-Tsilma,RU,2021-06-11 11:04:39,65.441,52.1498,80.65,19,83,9.82
176,Torbay,CA,2021-06-11 11:04:39,47.6666,-52.7314,40.75,95,100,5.99
177,Pacific Grove,US,2021-06-11 11:04:40,36.6177,-121.9166,51.48,84,11,1.99
178,Unai,BR,2021-06-11 11:04:40,-16.3575,-46.9061,69.42,62,99,2.01
179,Rani,IN,2021-06-11 11:04:40,25.3503,73.3089,105.26,23,0,14.9
180,Kapuskasing,CA,2021-06-11 11:04:40,49.4169,-82.4331,44.6,93,13,4.83
181,Harindanga,IN,2021-06-11 11:04:41,22.0383,88.3214,82.38,68,100,3.47
182,Cartagena,CO,2021-06-11 11:02:16,10.3997,-75.5144,78.69,87,63,3.2
183,Victoria,HK,2021-06-11 11:00:14,22.2855,114.1577,87.96,88,60,1.01
184,Tual,ID,2021-06-11 11:04:41,-5.6667,132.75,81.45,82,74,16.24
185,Marzuq,YE,2021-06-11 11:04:42,14.4,46.4667,100.04,11,74,10.85
186,Curup,ID,2021-06-11 11:04:42,-3.4667,102.5333,70.52,98,99,1.43
187,Bambous Virieux,MU,2021-06-11 11:04:42,-20.3428,57.7575,78.22,72,80,19.53
188,Bantry,IE,2021-06-11 11:04:43,51.6833,-9.45,60.28,69,85,11.23
189,Qui Nhon,VN,2021-06-11 11:00:49,13.7667,109.2333,83.34,74,100,6.04
190,Khatanga,RU,2021-06-11 11:04:43,71.9667,102.5,38.71,61,97,14.38
191,Sabha,LY,2021-06-11 11:04:43,27.0377,14.4283,90.64,18,0,6.04
192,Saint-Pierre,RE,2021-06-11 11:04:44,-21.3393,55.4781,77.29,76,90,25.32
193,Saint-Francois,FR,2021-06-11 11:04:44,46.4154,3.9054,82.67,52,0,4.61
194,Castrillon,ES,2021-06-11 11:04:44,43.3979,-6.7922,61.34,57,1,8.79
195,Zhigansk,RU,2021-06-11 11:04:45,66.7697,123.3711,58.41,48,100,4.68
196,Rocha,UY,2021-06-11 11:04:45,-34.4833,-54.3333,45.72,71,2,9.37
197,East London,ZA,2021-06-11 11:04:45,-33.0153,27.9116,78.24,38,6,7.61
198,Fort Nelson,CA,2021-06-11 11:00:14,58.8053,-122.7002,47.79,100,90,3.44
199,Abu Samrah,SY,2021-06-11 11:04:46,35.3029,37.1841,84.09,29,0,22.84
200,Belem De Sao Francisco,BR,2021-06-11 11:04:46,-8.7539,-38.9658,72.84,74,39,12.95
201,Bathsheba,BB,2021-06-11 11:04:46,13.2167,-59.5167,81.21,65,75,13.8
202,Malakal,SS,2021-06-11 11:04:46,9.5334,31.6605,98.74,28,96,4.56
203,Rio Gallegos,AR,2021-06-11 11:04:47,-51.6226,-69.2181,33.85,86,0,10.36
204,Musoma,TZ,2021-06-11 11:04:47,-1.5,33.8,78.76,50,42,7.7
205,Manzhouli,CN,2021-06-11 11:04:47,49.6,117.4333,74.03,32,9,7.38
206,Poso,ID,2021-06-11 11:04:48,-1.3959,120.7524,79.43,83,49,1.59
207,Jacareacanga,BR,2021-06-11 11:04:48,-6.2222,-57.7528,73.65,90,97,0.98
208,Molepolole,BW,2021-06-11 11:04:48,-24.4066,25.4951,70.9,27,0,5.01
209,Unity,CA,2021-06-11 11:04:49,52.4501,-109.1682,51.3,94,100,19.28
210,Sananduva,BR,2021-06-11 11:04:49,-27.9497,-51.8067,52.02,95,79,3.31
211,Sur,OM,2021-06-11 11:04:49,22.5667,59.5289,94.5,55,1,5.66
212,Waynesboro,US,2021-06-11 11:04:49,38.0685,-78.8895,70.43,93,90,3.44
213,Tsabong,BW,2021-06-11 11:04:50,-26.0217,22.401,73.51,29,0,18.57
214,Manakara,MG,2021-06-11 11:04:50,-22.1333,48.0167,73.63,71,35,7.16
215,Butaritari,KI,2021-06-11 11:04:50,3.0707,172.7902,82.18,76,56,10.38
216,Fuyu,CN,2021-06-11 11:04:51,45.1833,124.8167,77.63,35,23,7.56
217,Riyadh,SA,2021-06-11 11:00:45,24.6877,46.7219,105.42,7,0,23.02
218,Amazar,RU,2021-06-11 11:04:51,53.858,120.875,69.1,51,6,2.95
219,Vrede,ZA,2021-06-11 11:04:52,-27.4257,29.1659,61.59,27,0,6.58
220,Hailar,CN,2021-06-11 11:04:52,49.2,119.7,70.54,43,6,6.02
221,Hilo,US,2021-06-11 11:04:52,19.7297,-155.09,74.28,90,90,4.61
222,Mino,JP,2021-06-11 11:04:52,34.8269,135.4706,76.84,61,100,8.12
223,Hambantota,LK,2021-06-11 11:04:53,6.1241,81.1185,91.74,55,20,19.57
224,Arraial Do Cabo,BR,2021-06-11 11:04:53,-22.9661,-42.0278,73.26,88,40,12.66
225,Mwingi,KE,2021-06-11 11:04:53,-0.9344,38.0601,81.48,42,74,8.1
226,Waipawa,NZ,2021-06-11 11:04:54,-41.4122,175.5153,50.94,92,95,2.64
227,Iqaluit,CA,2021-06-11 11:04:54,63.7506,-68.5145,32.7,80,72,18.99
228,Port Alfred,ZA,2021-06-11 11:04:55,-33.5906,26.891,77.22,40,8,8.01
229,Margate,GB,2021-06-11 11:04:55,51.3813,1.3862,72.7,71,36,7.7
230,Chapais,CA,2021-06-11 11:04:55,49.7834,-74.8492,49.39,52,7,3.47
231,Taoudenni,ML,2021-06-11 11:04:56,22.6783,-3.9836,111.51,8,3,23.49
232,Seydi,TM,2021-06-11 11:04:56,39.4816,62.9137,101.1,13,2,15.41
233,Kaitong,CN,2021-06-11 11:04:56,44.8135,123.15,85.06,20,9,4.14
234,Haines Junction,CA,2021-06-11 11:04:57,60.7522,-137.5108,42.17,69,32,3.8
235,Labuan,MY,2021-06-11 11:04:57,5.2767,115.2417,82.56,76,82,13.51
236,Cotonou,BJ,2021-06-11 11:04:57,6.3654,2.4183,85.98,68,45,12.01
237,Karavukovo,RS,2021-06-11 11:04:58,45.495,19.1881,76.32,52,40,5.19
238,Comodoro Rivadavia,AR,2021-06-11 11:04:58,-45.8667,-67.5,55.26,58,0,17.27
239,Vega De Alatorre,MX,2021-06-11 11:04:58,20.0333,-96.6333,76.35,81,99,9.33
240,Upernavik,GL,2021-06-11 11:04:59,72.7868,-56.1549,34.68,89,2,9.13
241,Bada,RU,2021-06-11 11:04:59,51.392,109.8717,57.15,91,97,6.64
242,Luderitz,NA,2021-06-11 11:04:59,-26.6481,15.1594,73.0,38,0,5.57
243,New Norfolk,AU,2021-06-11 11:05:00,-42.7826,147.0587,55.58,83,100,4.0
244,Aklavik,CA,2021-06-11 11:05:00,68.2191,-135.0107,52.39,57,80,9.48
245,Kedrovyy,RU,2021-06-11 11:05:00,56.1667,91.8167,57.61,35,83,5.41
246,Vysokogornyy,RU,2021-06-11 11:05:00,50.1167,139.15,58.44,93,100,4.88
247,Verkhnevilyuysk,RU,2021-06-11 11:05:01,63.4453,120.3167,49.17,92,100,5.61
248,Santa Isabel,BR,2021-06-11 11:05:01,-23.3156,-46.2214,65.5,94,100,3.87
249,Cockburn Town,TC,2021-06-11 11:03:05,21.4612,-71.1419,79.93,76,50,14.09
250,Bushenyi,UG,2021-06-11 11:05:03,-0.5853,30.2114,79.09,39,88,7.36
251,Hanna,CA,2021-06-11 11:00:50,51.6334,-111.9018,44.87,85,71,8.99
252,Levelland,US,2021-06-11 11:05:04,33.5873,-102.378,76.05,51,69,9.69
253,Sao Raimundo Nonato,BR,2021-06-11 11:05:04,-9.0153,-42.6994,75.27,66,50,7.05
254,Doha,QA,2021-06-11 11:04:29,25.2867,51.5333,107.58,16,0,18.41
255,Suntar,RU,2021-06-11 11:05:05,62.1444,117.6319,54.95,60,100,5.7
256,Kodiak,US,2021-06-11 11:05:05,57.79,-152.4072,47.71,87,90,3.44
257,Demyansk,RU,2021-06-11 11:05:05,57.643,32.466,56.68,86,98,2.77
258,Ahmadpur Sial,PK,2021-06-11 11:05:06,30.6754,71.7483,103.87,15,0,15.86
259,Berlevag,NO,2021-06-11 11:03:09,70.8578,29.0864,73.2,59,0,12.66
260,Mayo,US,2021-06-11 11:05:06,38.8876,-76.5119,70.95,96,90,3.0
261,Sao Joao Da Barra,BR,2021-06-11 11:04:05,-21.6403,-41.0511,70.47,91,18,6.85
262,Adrar,MR,2021-06-11 11:02:18,20.5022,-10.0711,107.33,9,39,10.27
263,Mareeba,AU,2021-06-11 11:05:07,-17.0,145.4333,65.44,93,79,2.48
264,Turan,VN,2021-06-11 11:00:17,16.0678,108.2208,86.05,70,40,8.05
265,Meulaboh,ID,2021-06-11 11:05:07,4.1363,96.1285,83.48,70,47,5.46
266,Thinadhoo,MV,2021-06-11 11:05:07,0.5333,72.9333,84.06,73,100,12.91
267,Horki,BY,2021-06-11 11:05:08,54.2861,30.9842,63.93,78,95,9.66
268,Yaan,NG,2021-06-11 11:05:08,7.3833,8.5667,80.67,77,100,4.0
269,Hamilton,US,2021-06-11 11:00:30,39.1834,-84.5333,72.25,96,1,1.01
270,Touros,BR,2021-06-11 11:05:08,-5.1989,-35.4608,79.7,74,93,15.48
271,The Valley,AI,2021-06-11 11:05:09,18.217,-63.0578,81.1,83,20,6.91
272,Akyab,MM,2021-06-11 11:05:09,20.15,92.9,80.67,87,100,9.53
273,Daru,PG,2021-06-11 11:05:10,-9.0763,143.2092,77.94,91,28,8.34
274,Hovd,MN,2021-06-11 11:05:10,48.0056,91.6419,65.19,45,100,10.29
275,Kloulklubed,PW,2021-06-11 11:05:10,7.0419,134.2556,81.1,77,100,6.55
276,Videira,BR,2021-06-11 11:04:43,-27.0083,-51.1517,53.85,99,98,1.41
277,Macia,MZ,2021-06-11 11:05:11,-25.0269,33.0989,75.36,51,2,8.7
278,Kavaratti,IN,2021-06-11 11:05:11,10.5669,72.642,83.79,76,100,18.01
279,Banda Aceh,ID,2021-06-11 11:05:11,5.5577,95.3222,83.71,76,55,15.37
280,Staraya Poltavka,RU,2021-06-11 11:05:11,50.4772,46.4814,79.09,44,59,7.85
281,Pajapan,MX,2021-06-11 11:05:12,18.25,-94.7,73.02,93,100,4.03
282,Oliveira Dos Brejinhos,BR,2021-06-11 11:05:12,-12.3169,-42.8961,73.09,65,100,3.4
283,Ahipara,NZ,2021-06-11 11:05:13,-35.1667,173.1667,57.24,91,96,8.1
284,Havoysund,NO,2021-06-11 11:05:13,70.9963,24.6622,61.68,74,100,11.74
285,Namibe,AO,2021-06-11 11:05:13,-15.1961,12.1522,87.4,37,2,7.07
286,Jerome,US,2021-06-11 11:05:13,42.7241,-114.5186,45.43,73,1,12.66
287,Guano,EC,2021-06-11 11:05:14,-1.5833,-78.6333,40.82,93,96,3.36
288,Townsville,AU,2021-06-11 11:05:14,-19.25,146.8,65.28,77,48,4.61
289,Salamiyah,SY,2021-06-11 11:05:14,35.0113,37.0532,83.64,29,0,24.74
290,Tres Palos,MX,2021-06-11 11:05:15,18.1833,-101.6167,72.55,92,98,1.61
291,Hervey Bay,AU,2021-06-11 11:05:15,-25.2986,152.8535,50.11,48,79,3.91
292,Cabinda,AO,2021-06-11 11:05:15,-5.55,12.2,81.5,72,100,8.75
293,Kavieng,PG,2021-06-11 11:05:16,-2.5744,150.7967,83.25,76,98,15.79
294,Harboore,DK,2021-06-11 11:05:16,56.6175,8.1807,72.21,89,100,17.18
295,Winnemucca,US,2021-06-11 11:05:16,40.973,-117.7357,48.25,49,1,12.66
296,Palmer,US,2021-06-11 11:05:17,42.1584,-72.3287,57.96,72,40,4.61
297,Laguna,US,2021-06-11 11:01:52,38.421,-121.4238,57.18,70,1,1.01
298,Poronaysk,RU,2021-06-11 11:05:17,49.2167,143.1167,59.2,70,100,11.99
299,Saint-Joseph,RE,2021-06-11 11:05:17,-21.3667,55.6167,76.21,81,54,16.11
300,Yumen,CN,2021-06-11 11:05:18,40.2833,97.2,88.63,10,66,18.92
301,Tasca,RO,2021-06-11 11:05:18,46.9,26.0167,72.05,76,85,1.9
302,Parkes,AU,2021-06-11 11:05:18,-33.1333,148.1833,45.36,93,34,5.19
303,Trat,TH,2021-06-11 11:05:19,12.5,102.5,75.11,96,100,5.53
304,Cidreira,BR,2021-06-11 11:05:19,-30.1811,-50.2056,57.52,91,65,11.9
305,Gloucester,GB,2021-06-11 11:05:19,51.8657,-2.2431,71.22,65,40,16.11
306,Salgueiro,BR,2021-06-11 11:05:19,-8.0742,-39.1192,72.45,72,23,10.07
307,Chengde,CN,2021-06-11 11:05:20,40.9725,117.9361,81.9,23,100,7.96
308,Lagoa,PT,2021-06-11 11:05:20,39.05,-27.9833,65.64,90,27,3.29
309,Ajdabiya,LY,2021-06-11 11:05:21,30.7554,20.2263,80.06,45,0,14.23
310,Ostrovnoy,RU,2021-06-11 11:05:21,68.0531,39.5131,74.39,32,95,20.54
311,Nahrin,AF,2021-06-11 11:04:15,36.0649,69.1334,94.23,9,0,10.49
312,Dunedin,NZ,2021-06-11 11:05:21,-45.8742,170.5036,42.8,89,36,1.01
313,Kaka,TM,2021-06-11 11:05:22,37.3482,59.6143,102.96,10,0,12.3
314,Setubal,PT,2021-06-11 11:03:43,38.5244,-8.8882,76.24,57,55,5.14
315,Mustasaari,FI,2021-06-11 11:04:55,63.1142,21.6822,79.34,33,0,18.41
316,Ondangwa,NA,2021-06-11 11:05:22,-17.9167,15.95,79.14,17,0,13.98
317,Shenjiamen,CN,2021-06-11 11:05:23,29.9576,122.298,73.49,95,100,2.28
318,Klaksvik,FO,2021-06-11 11:05:23,62.2266,-6.589,49.12,84,52,25.43
319,Tignere,CM,2021-06-11 11:05:23,7.3667,12.65,81.07,60,85,5.46
320,San Quintin,MX,2021-06-11 11:05:24,30.4833,-115.95,67.44,89,25,12.48
321,Gat,IL,2021-06-11 11:05:24,31.61,34.7642,88.39,44,0,11.7
322,Dawei,MM,2021-06-11 11:05:24,14.0833,98.2,76.1,94,100,8.01
323,Ketchikan,US,2021-06-11 11:05:24,55.3422,-131.6461,51.78,78,55,3.09
324,Porirua,NZ,2021-06-11 11:05:25,-41.1333,174.85,54.55,89,97,1.36
325,Winnipeg,CA,2021-06-11 11:01:50,49.8844,-97.147,66.09,91,70,20.0
326,Villa Maria,AR,2021-06-11 11:02:37,-32.4075,-63.2402,44.92,51,29,4.36
327,Tessalit,ML,2021-06-11 11:05:25,20.1986,1.0114,107.62,6,0,9.75
328,Gigmoto,PH,2021-06-11 11:02:07,13.7796,124.39,81.37,83,100,5.68
329,Port Blair,IN,2021-06-11 11:05:26,11.6667,92.75,83.64,81,100,19.55
330,Yulara,AU,2021-06-11 11:05:26,-25.2406,130.9889,53.44,28,75,0.0
331,Ulaangom,MN,2021-06-11 11:01:10,49.9811,92.0667,55.76,75,100,8.68
332,Formosa Do Rio Preto,BR,2021-06-11 11:05:27,-11.0483,-45.1931,74.26,52,100,2.46
333,Lavrentiya,RU,2021-06-11 11:05:27,65.5833,-171.0,36.36,92,100,2.39
334,Marion,US,2021-06-11 11:05:27,39.7684,-86.1555,71.94,94,20,5.75
335,Tallahassee,US,2021-06-11 11:04:23,30.4383,-84.2807,76.64,96,1,0.0
336,Clyde River,CA,2021-06-11 11:03:15,70.4692,-68.5914,33.89,77,11,6.22
337,Corinto,GR,2021-06-11 11:05:28,37.9407,22.9573,82.76,37,3,2.48
338,Goderich,CA,2021-06-11 11:03:58,43.7501,-81.7165,64.2,85,45,8.08
339,Camacupa,AO,2021-06-11 11:05:28,-12.0167,17.4833,77.95,24,2,5.97
340,Aranos,NA,2021-06-11 11:05:29,-24.1333,19.1167,76.03,20,57,17.4
341,Lorengau,PG,2021-06-11 11:01:16,-2.0226,147.2712,81.81,82,96,11.03
342,Khonsa,IN,2021-06-11 11:05:29,27.0167,95.5667,71.24,96,100,1.7
343,Samarai,PG,2021-06-11 11:05:29,-10.6167,150.6667,80.55,86,19,12.46
344,Trofors,NO,2021-06-11 11:05:30,65.5333,13.4063,71.47,61,100,11.79
345,Jieshi,CN,2021-06-11 11:05:30,22.8134,115.8257,85.95,85,41,14.9
346,Hami,CN,2021-06-11 11:05:30,42.8,93.45,88.84,16,100,13.8
347,Saint-Augustin,CA,2021-06-11 11:05:31,51.226,-58.6502,48.31,49,100,8.84
348,Caranavi,BO,2021-06-11 11:05:31,-15.8167,-67.55,61.57,100,96,0.6
349,Salina Cruz,MX,2021-06-11 11:05:31,16.1667,-95.2,76.6,83,100,6.22
350,San Ramon De La Nueva Oran,AR,2021-06-11 11:03:11,-23.1322,-64.326,57.42,73,94,1.32
351,Narsaq,GL,2021-06-11 11:03:11,60.9167,-46.05,43.02,95,100,0.89
352,Los Llanos De Aridane,ES,2021-06-11 11:05:32,28.6585,-17.9182,69.55,83,0,14.97
353,Nanortalik,GL,2021-06-11 11:05:32,60.1432,-45.2371,36.54,95,100,3.15
354,Leh,IN,2021-06-11 11:05:32,34.1667,77.5833,65.41,19,13,9.57
355,Taree,AU,2021-06-11 11:05:33,-31.9,152.4667,49.1,87,0,3.44
356,Mocuba,MZ,2021-06-11 11:05:33,-16.8392,36.9856,78.98,43,0,5.14
357,Urengoy,RU,2021-06-11 11:05:33,65.9667,78.3667,51.42,90,100,11.79
358,Prado,BR,2021-06-11 11:05:33,-17.3411,-39.2208,71.65,88,38,3.89
359,Hualmay,PE,2021-06-11 11:05:34,-11.0964,-77.6139,62.69,85,58,6.51
360,Bangkalan,ID,2021-06-11 11:05:34,-7.0455,112.7351,84.15,78,93,7.43
361,Oistins,BB,2021-06-11 11:05:34,13.0667,-59.5333,80.69,65,75,13.8
362,Baisha,CN,2021-06-11 11:05:35,26.5222,110.9311,78.51,94,70,1.23
363,Maua,BR,2021-06-11 11:02:11,-23.6678,-46.4614,63.36,100,100,6.67
364,Tungor,RU,2021-06-11 11:05:35,53.3808,142.9564,48.16,98,100,6.42
365,Baykit,RU,2021-06-11 11:05:35,61.67,96.37,53.04,55,94,7.99
366,Seoul,KR,2021-06-11 11:02:07,37.5683,126.9778,72.79,70,2,4.34
367,Byron Bay,AU,2021-06-11 11:05:36,-28.65,153.6167,57.15,77,72,7.52
368,Indiana,US,2021-06-11 11:03:38,40.0003,-86.2503,71.31,93,1,0.0
369,Deputatskiy,RU,2021-06-11 11:05:36,69.3,139.9,56.07,36,68,9.55
370,Nemuro,JP,2021-06-11 11:05:37,43.3236,145.575,52.3,97,94,14.12
371,Ordzhonikidze,KZ,2021-06-11 11:05:37,52.4411,61.7408,73.74,30,96,12.12
372,Half Moon Bay,US,2021-06-11 11:05:37,37.4636,-122.4286,55.35,84,75,0.0
373,Oni,GE,2021-06-11 11:05:37,42.5794,43.4425,69.17,75,72,5.48
374,Yatou,CN,2021-06-11 11:05:38,37.15,122.3833,66.87,88,13,3.04
375,Salalah,OM,2021-06-11 11:05:38,17.0151,54.0924,88.5,71,74,12.68
376,Mount Isa,AU,2021-06-11 11:05:38,-20.7333,139.5,51.57,35,1,0.0
377,Emporia,US,2021-06-11 11:04:11,38.4039,-96.1817,75.22,100,1,5.75
378,Chumikan,RU,2021-06-11 11:05:39,54.7183,135.315,39.34,92,100,5.17
379,Qaqortoq,GL,2021-06-11 11:05:39,60.7167,-46.0333,43.3,96,100,3.56
380,Paita,PE,2021-06-11 11:05:39,-5.0892,-81.1144,65.7,85,16,13.51
381,Saint Anthony,US,2021-06-11 11:05:40,45.0205,-93.218,78.73,71,1,1.01
382,Diffa,NE,2021-06-11 11:05:40,13.3154,12.6113,104.23,20,43,7.45
383,Farap,TM,2021-06-11 11:05:40,39.1704,63.6116,100.4,14,0,18.41
384,Bunia,CD,2021-06-11 11:05:41,1.5667,30.25,82.56,37,49,8.21
385,Jiangyou,CN,2021-06-11 11:05:41,31.7667,104.7167,83.7,52,65,4.9
386,Kamaishi,JP,2021-06-11 11:05:41,39.2667,141.8833,63.32,84,99,10.09
387,Dukat,RU,2021-06-11 11:05:42,62.55,155.55,37.71,93,100,1.92
388,Taseyevo,RU,2021-06-11 11:05:42,57.2169,94.8978,62.06,29,72,3.71
389,Lebrija,ES,2021-06-11 11:05:42,36.9208,-6.0753,91.2,29,0,6.91
390,Buraydah,SA,2021-06-11 11:05:43,26.326,43.975,105.49,7,0,16.17
391,Hit,IQ,2021-06-11 11:05:43,33.6416,42.8251,97.16,14,0,17.83
392,Aviles,ES,2021-06-11 11:05:43,43.5547,-5.9248,66.72,80,75,11.99
393,Serebryansk,KZ,2021-06-11 11:05:44,49.6925,83.2892,71.15,64,65,17.72
394,San Cristobal,VE,2021-06-11 11:05:44,7.7669,-72.225,64.6,95,95,3.65
395,Okha,RU,2021-06-11 11:05:44,53.5739,142.9478,46.08,99,100,7.38
396,Alamosa,US,2021-06-11 11:05:45,37.4695,-105.87,51.66,53,1,3.44
397,Sukhumi,GE,2021-06-11 11:05:45,43.0033,41.0153,71.96,64,46,5.86
398,Coihaique,CL,2021-06-11 11:05:45,-45.5752,-72.0662,46.35,93,90,6.91
399,Saint-Philippe,RE,2021-06-11 11:05:45,-21.3585,55.7679,76.48,85,68,16.49
400,Aketi,CD,2021-06-11 11:05:46,2.7388,23.7833,98.67,29,97,3.2
401,Peterhead,GB,2021-06-11 11:05:46,57.5058,-1.7981,67.1,62,44,19.62
402,Russell,US,2021-06-11 11:05:46,32.3502,-85.1999,74.12,93,90,4.61
403,Payo,ID,2021-06-11 11:05:47,-3.7508,103.6372,76.73,91,100,3.06
404,Poum,NC,2021-06-11 11:05:47,-20.2333,164.0167,75.51,75,100,18.84
405,Andapa,MG,2021-06-11 11:05:47,-14.65,49.65,71.17,74,65,4.0
406,Miraflores,MX,2021-06-11 11:05:48,19.2167,-98.8083,56.05,77,100,2.93
407,Bowen,AU,2021-06-11 11:05:48,-20.0167,148.2333,64.83,62,82,6.67
408,Vestmannaeyjar,IS,2021-06-11 11:05:48,63.4427,-20.2734,47.39,81,40,8.05
409,Te Anau,NZ,2021-06-11 11:05:48,-45.4167,167.7167,41.4,94,17,1.12
410,Salinopolis,BR,2021-06-11 11:05:49,-0.6136,-47.3561,72.68,95,100,11.16
411,Katsuura,JP,2021-06-11 11:05:49,35.1333,140.3,74.1,77,100,7.7
412,Abastumani,GE,2021-06-11 11:05:49,41.7075,42.8457,59.92,80,98,4.03
413,Tambovka,RU,2021-06-11 11:05:50,50.0969,128.0489,71.71,78,49,5.14
414,Tocopilla,CL,2021-06-11 11:05:50,-22.092,-70.1979,60.94,70,24,3.47
415,Batemans Bay,AU,2021-06-11 11:05:50,-35.7167,150.1833,53.2,92,74,7.16
416,Ous,RU,2021-06-11 11:05:51,60.9058,61.5186,76.84,21,15,3.65
417,Ponta Delgada,PT,2021-06-11 11:05:51,37.7333,-25.6667,66.92,88,75,5.75
418,Pacocha,PE,2021-06-11 11:05:51,-17.5833,-71.3333,58.48,84,59,4.88
419,San Patricio,US,2021-06-11 11:05:52,28.017,-97.5169,80.89,95,29,8.03
420,Weyburn,CA,2021-06-11 11:03:33,49.6668,-103.8511,59.18,95,100,18.1
421,Linguere,SN,2021-06-11 11:05:52,15.3953,-15.1193,91.72,39,69,12.39
422,Mawlaik,MM,2021-06-11 11:05:52,23.6333,94.4167,78.69,96,100,2.44
423,Impfondo,CG,2021-06-11 11:05:53,1.6381,18.0667,97.02,36,64,2.77
424,Sundern,DE,2021-06-11 11:05:53,51.3333,8.0,79.21,68,31,5.17
425,Qingdao,CN,2021-06-11 11:05:53,36.0986,120.3719,72.45,73,6,7.92
426,Port Lincoln,AU,2021-06-11 11:05:54,-34.7333,135.8667,54.16,75,100,1.74
427,Sakakah,SA,2021-06-11 11:05:54,29.9697,40.2064,98.04,10,0,16.71
428,Kedrovoye,RU,2021-06-11 11:05:54,57.1576,60.5698,71.04,32,95,7.05
429,Huescar,ES,2021-06-11 11:05:55,37.811,-2.5412,83.12,23,70,6.69
430,Sungaipenuh,ID,2021-06-11 11:05:55,-2.0833,101.3833,67.84,96,100,1.9
431,Pecos,US,2021-06-11 11:04:13,31.4229,-103.4932,77.83,65,1,3.44
432,Wasilla,US,2021-06-11 11:05:56,61.5814,-149.4394,50.92,86,1,0.0
433,Ust-Nera,RU,2021-06-11 11:05:56,64.5667,143.2,53.96,56,66,2.37
434,La Peca,PE,2021-06-11 11:05:56,-5.6111,-78.435,64.51,93,24,1.74
435,Korla,CN,2021-06-11 11:05:56,41.7597,86.1469,87.3,17,99,8.01
436,Hofn,IS,2021-06-11 11:03:10,64.2539,-15.2082,55.42,50,40,3.44
437,Capaci,IT,2021-06-11 11:05:57,38.1711,13.2393,85.51,53,0,8.01
438,Khani,GE,2021-06-11 11:05:57,41.9563,42.9566,65.77,63,92,6.44
439,Sandpoint,US,2021-06-11 11:05:58,48.2766,-116.5533,47.16,81,1,0.0
440,Port-Gentil,GA,2021-06-11 11:05:58,-0.7193,8.7815,78.42,81,79,10.16
441,Sydney Mines,CA,2021-06-11 11:05:58,46.2367,-60.2177,53.69,67,0,4.0
442,Epitalion,GR,2021-06-11 11:05:59,37.6333,21.5,79.65,50,7,11.99
443,Strezhevoy,RU,2021-06-11 11:05:59,60.7333,77.5889,66.18,35,94,9.22
444,Fernie,CA,2021-06-11 11:05:59,49.5,-115.0687,48.61,73,5,3.42
445,Avera,US,2021-06-11 11:06:00,33.194,-82.5271,74.71,93,65,7.56
446,Chardara,KZ,2021-06-11 11:06:00,41.2547,67.9692,92.3,19,48,7.05
447,Willowmore,ZA,2021-06-11 11:06:00,-33.2926,23.4895,70.16,36,7,16.49
448,Tiksi,RU,2021-06-11 11:06:01,71.6872,128.8694,51.03,60,99,11.92
449,Mishkino,RU,2021-06-11 11:06:01,55.3389,63.9175,68.59,36,31,7.23
450,Atar,MR,2021-06-11 11:06:01,20.5169,-13.0499,106.79,12,8,10.0
451,Cururupu,BR,2021-06-11 11:06:02,-1.8283,-44.8683,74.5,95,99,1.81
452,Motala,SE,2021-06-11 11:06:02,58.5371,15.0365,72.72,60,73,8.63
453,Turkmenabat,TM,2021-06-11 11:06:03,39.0733,63.5786,100.38,14,0,18.41
454,Trairi,BR,2021-06-11 11:06:03,-3.2778,-39.2689,79.29,73,65,10.36
455,Kandrian,PG,2021-06-11 11:06:03,-6.2167,149.55,78.13,90,60,7.49
456,Shakawe,BW,2021-06-11 11:06:03,-18.3667,21.85,77.92,19,0,8.37
457,Smithers,CA,2021-06-11 11:06:04,54.7804,-127.1743,39.36,95,8,2.57
458,Sain Alto,MX,2021-06-11 11:06:04,23.5833,-103.25,62.33,46,10,2.08
459,Ferme-Neuve,CA,2021-06-11 11:06:04,46.7001,-75.4493,52.81,84,100,0.83
460,Marawi,PH,2021-06-11 11:06:05,7.9986,124.2928,68.65,98,100,1.48
461,Sulangan,PH,2021-06-11 11:06:05,11.1373,123.7228,83.28,74,100,5.66
462,Zyryanovsk,KZ,2021-06-11 11:06:05,49.7386,84.2719,67.42,65,93,6.15
463,Patitirion,GR,2021-06-11 11:06:06,39.15,23.8667,77.38,70,48,7.36
464,Sampit,ID,2021-06-11 11:06:06,-2.5333,112.95,76.28,96,83,3.24
465,Aquidauana,BR,2021-06-11 11:06:06,-20.4711,-55.7872,66.07,98,100,3.98
466,Kenai,US,2021-06-11 11:06:07,60.5544,-151.2583,47.03,90,1,13.8
467,Boende,CD,2021-06-11 11:06:07,-0.2167,20.8667,96.21,32,60,4.68
468,Tarakan,ID,2021-06-11 11:06:07,3.3,117.6333,83.71,70,45,7.9
469,Santa Isabel Do Rio Negro,BR,2021-06-11 11:06:08,-0.4139,-65.0192,72.1,99,98,1.54
470,Kuandian,CN,2021-06-11 11:06:08,40.7286,124.7847,68.22,89,1,4.41
471,Barra Patuca,HN,2021-06-11 11:06:08,15.8,-84.2833,75.72,92,100,4.68
472,Yenagoa,NG,2021-06-11 11:06:09,4.9247,6.2642,82.02,79,99,7.02
473,Sheremetyevskiy,RU,2021-06-11 11:06:09,55.98,37.4911,60.82,94,90,11.18
474,Bom Conselho,BR,2021-06-11 11:06:09,-9.1697,-36.6797,68.99,79,52,3.6
475,Sivaki,RU,2021-06-11 11:06:10,52.6333,126.75,64.54,69,99,3.65
476,Kaspiyskiy,RU,2021-06-11 11:06:10,45.3929,47.3707,79.52,43,100,3.44
477,Kyzyl-Suu,KG,2021-06-11 11:06:10,42.3414,78.0056,59.92,54,45,8.88
478,Kannangad,IN,2021-06-11 11:06:10,12.3081,75.1063,82.26,78,100,7.96
479,Bima,ID,2021-06-11 11:06:11,-8.4667,118.7167,76.6,81,57,4.38
480,Butembo,CD,2021-06-11 11:06:11,0.15,29.2833,79.81,29,45,3.8
481,Bonfim,BR,2021-06-11 11:06:11,3.0833,-59.95,72.0,97,100,3.78
482,Vilhena,BR,2021-06-11 11:06:12,-12.7406,-60.1458,70.16,72,100,4.76
483,Kirakira,SB,2021-06-11 11:06:12,-10.4544,161.9205,79.95,85,86,9.89
484,Santa Rosa,PH,2021-06-11 11:02:38,14.3122,121.1114,82.11,85,100,3.76
485,Gillette,US,2021-06-11 11:06:13,44.2911,-105.5022,49.69,63,1,14.0
486,Ortona,IT,2021-06-11 11:06:13,42.3496,14.4039,82.11,72,78,12.17
487,Tyup,KG,2021-06-11 11:06:13,42.7276,78.3648,63.48,57,73,2.44
488,Beloha,MG,2021-06-11 11:06:14,-25.1667,45.05,78.78,42,1,9.42
489,Cao Bang,VN,2021-06-11 11:06:14,22.6667,106.25,80.58,93,95,1.72
490,Pundaguitan,PH,2021-06-11 11:06:14,6.3711,126.1689,83.71,74,79,12.71
491,Kadnikov,RU,2021-06-11 11:06:14,59.5022,40.338,75.18,29,12,8.81
492,Dahra,DZ,2021-06-11 11:06:15,36.2546,0.8519,85.78,28,36,4.21
493,Karasjok,NO,2021-06-11 11:06:15,69.4719,25.5112,73.51,48,99,18.01
494,Requena,ES,2021-06-11 11:06:15,39.4883,-1.1004,76.78,34,7,9.89
495,Lishu,CN,2021-06-11 11:06:16,43.3047,124.3278,74.07,63,0,8.59
496,Riviere-Au-Renard,CA,2021-06-11 11:06:16,48.9957,-64.3971,49.98,52,71,5.84
497,Puerto Narino,CO,2021-06-11 11:06:16,-3.7703,-70.3831,73.35,99,95,1.66
498,Merauke,ID,2021-06-11 11:06:17,-8.4667,140.3333,78.73,88,30,12.75
499,Shaoyang,CN,2021-06-11 11:06:17,27.2315,111.4525,79.02,87,75,6.78
500,Webuye,KE,2021-06-11 11:06:17,0.6075,34.7697,74.12,66,55,5.46
501,Senno,RU,2021-06-11 11:06:18,59.5336,33.9167,80.26,29,98,9.1
502,Yar-Sale,RU,2021-06-11 11:06:18,66.8333,70.8333,63.5,44,100,23.31
503,Port Macquarie,AU,2021-06-11 11:06:18,-31.4333,152.9167,47.37,70,0,8.3
504,Huarmey,PE,2021-06-11 11:03:04,-10.0681,-78.1522,63.79,88,40,7.34
505,Cheremukhovo,RU,2021-06-11 11:06:19,60.3484,59.9851,74.86,23,18,3.98
506,Muborak,UZ,2021-06-11 11:06:19,39.2553,65.1528,100.96,12,25,19.06
507,Riohacha,CO,2021-06-11 11:06:19,11.5444,-72.9072,78.01,86,85,9.42
508,Talnakh,RU,2021-06-11 11:06:20,69.4865,88.3972,33.37,100,100,10.71
509,Havelock,US,2021-06-11 11:06:20,34.8791,-76.9013,75.92,96,75,1.99
510,Laredo,US,2021-06-11 11:06:20,27.5064,-99.5075,78.85,88,20,16.11
511,Opuwo,NA,2021-06-11 11:06:20,-18.0607,13.84,79.25,17,1,13.96
512,Amapa,BR,2021-06-11 11:06:21,1.0,-52.0,71.2,100,98,1.52
513,Castro Verde,PT,2021-06-11 11:06:21,37.6983,-8.0858,85.39,22,4,4.0
514,Murgab,TM,2021-06-11 11:06:21,37.4966,61.9714,103.87,12,0,11.5
515,Sanandaj,IR,2021-06-11 11:06:22,35.3144,46.9923,89.73,10,0,8.41
516,Atocha,BO,2021-06-11 11:06:22,-20.9333,-66.2333,28.27,23,1,1.3
517,Jinchang,CN,2021-06-11 11:06:22,38.4953,102.1739,83.32,16,51,7.81
518,Prince Rupert,CA,2021-06-11 11:06:23,54.3161,-130.3201,47.32,84,66,5.59
519,Belmonte,BR,2021-06-11 11:06:23,-15.8631,-38.8828,72.1,81,18,3.89
520,Torzhok,RU,2021-06-11 11:06:23,57.0436,34.9622,56.37,94,100,5.93
521,Bodden Town,KY,2021-06-11 11:06:24,19.2833,-81.25,81.93,66,20,1.01
522,Kapiri Mposhi,ZM,2021-06-11 11:06:24,-13.9652,28.6809,74.66,26,42,6.15
523,Manyana,BW,2021-06-11 11:06:24,-23.4,21.7167,73.45,25,0,13.89
524,Quatre Cocos,MU,2021-06-11 11:06:25,-20.2078,57.7625,78.1,71,93,18.79
525,Kisangani,CD,2021-06-11 11:03:51,0.5167,25.2,95.79,32,68,4.14
526,Kabinda,CD,2021-06-11 11:06:25,-6.1333,24.4833,90.77,27,2,7.56
527,Emerald,AU,2021-06-11 11:06:25,-23.5333,148.1667,50.34,36,3,4.76
528,Mahmudabad,IN,2021-06-11 11:06:26,27.3,81.1167,93.16,34,54,7.18
529,Honningsvag,NO,2021-06-11 11:02:40,70.9821,25.9704,50.27,88,99,11.7
530,Enid,US,2021-06-11 11:02:02,36.3956,-97.8784,74.14,97,1,5.99
531,Sri Aman,MY,2021-06-11 11:06:26,1.2376,111.4621,74.12,99,100,1.54
532,Longos,PH,2021-06-11 11:06:27,16.1066,120.3954,80.29,83,100,12.08
533,Miramar,US,2021-06-11 11:06:27,25.9873,-80.2323,82.02,84,1,0.0
534,Cossato,IT,2021-06-11 11:06:27,45.5739,8.1817,84.56,60,72,4.23
535,Isangel,VU,2021-06-11 11:06:28,-19.55,169.2667,72.41,76,40,10.92
536,Flinders,AU,2021-06-11 11:06:28,-34.5833,150.8552,55.18,75,55,7.0
537,Veraval,IN,2021-06-11 11:06:28,20.9,70.3667,87.73,73,16,15.9
538,Aras,ES,2021-06-11 11:06:29,42.5617,-2.356,75.61,44,0,4.61
539,Neuquen,AR,2021-06-11 11:06:29,-38.9516,-68.0591,42.69,75,0,2.3
540,Chau Doc,VN,2021-06-11 11:06:29,10.7,105.1167,79.02,82,100,7.43
541,Sterling,US,2021-06-11 11:05:09,39.0062,-77.4286,69.8,97,90,1.01
542,Burnie,AU,2021-06-11 11:06:30,-41.0667,145.9167,58.91,80,99,8.39
543,Dutlwe,BW,2021-06-11 11:06:30,-23.9833,23.9,72.77,26,0,11.95
544,Robertsport,LR,2021-06-11 11:06:30,6.7533,-11.3686,79.88,79,100,0.54
545,Poya,NC,2021-06-11 11:06:31,-21.35,165.15,71.13,78,100,5.91
546,Chulym,RU,2021-06-11 11:06:31,55.0997,80.9572,59.4,52,97,9.24
547,Kruisfontein,ZA,2021-06-11 11:06:31,-34.0033,24.7314,79.88,28,2,11.72
548,Jistebnice,CZ,2021-06-11 11:06:32,49.4855,14.5276,74.19,68,86,5.93
549,Colesberg,ZA,2021-06-11 11:06:32,-30.72,25.0972,65.66,36,2,21.18
550,Vardo,NO,2021-06-11 11:06:32,70.3705,31.1107,75.4,59,0,4.61
551,Baracoa,CU,2021-06-11 11:06:33,20.3467,-74.4958,77.54,88,64,5.61
552,Charters Towers,AU,2021-06-11 11:06:33,-20.1,146.2667,60.58,49,80,8.55
553,Moose Factory,CA,2021-06-11 11:06:33,51.2585,-80.6094,40.55,67,35,5.28
554,Sanmenxia,CN,2021-06-11 11:06:34,34.7747,111.1814,89.89,38,77,12.8
555,Klyuchi,RU,2021-06-11 11:06:34,52.2667,79.1667,64.18,31,78,15.3
556,Ningbo,CN,2021-06-11 11:06:34,29.8782,121.5495,74.95,97,100,2.26
557,Harper,LR,2021-06-11 11:06:35,4.375,-7.7169,76.96,89,100,5.86
558,Meadow Lake,US,2021-06-11 11:06:35,34.8014,-106.5436,73.4,19,99,2.84
559,Rancho Palos Verdes,US,2021-06-11 11:06:35,33.7445,-118.387,64.38,83,0,1.01
560,Ozinki,RU,2021-06-11 11:06:36,51.1786,49.6769,71.28,66,95,5.91
561,Mayumba,GA,2021-06-11 11:06:36,-3.432,10.6554,79.93,77,53,6.71
562,Clacton-On-Sea,GB,2021-06-11 11:06:19,51.7897,1.156,73.29,81,52,10.07
563,Mujiayingzi,CN,2021-06-11 11:06:36,42.1167,118.7833,84.56,19,87,11.21
564,Makasar,ID,2021-06-11 11:06:37,-5.14,119.4221,84.25,84,20,5.75
565,Cayenne,GF,2021-06-11 11:06:37,4.9333,-52.3333,78.1,90,75,1.01
566,Aljustrel,PT,2021-06-11 11:06:37,37.8776,-8.1652,64.13,23,9,4.32
567,Kapit,MY,2021-06-11 11:06:37,2.0167,112.9333,74.44,98,100,1.79
568,Pachino,IT,2021-06-11 11:06:38,36.7186,15.0907,82.44,62,13,7.87
569,Loandjili,CG,2021-06-11 11:06:38,-4.7561,11.8578,81.97,71,78,8.68
570,Sisophon,KH,2021-06-11 11:06:39,13.5859,102.9737,80.46,78,95,10.2
571,Parabel,RU,2021-06-11 11:06:39,58.6978,81.4825,61.92,36,76,0.56
572,College,US,2021-06-11 11:06:39,64.8569,-147.8028,53.26,75,75,0.0
573,Galle,LK,2021-06-11 11:06:39,6.0367,80.217,82.54,76,98,12.5
574,Pangody,RU,2021-06-11 11:06:40,65.85,74.4859,59.02,63,100,16.17
575,Durazno,UY,2021-06-11 11:06:40,-33.4131,-56.5006,39.15,100,4,4.61
576,Harbour Breton,CA,2021-06-11 11:06:40,47.4833,-55.7983,43.63,76,77,11.88
577,Carthage,TN,2021-06-11 11:06:41,36.8611,10.3316,83.73,28,0,9.22
578,Chachapoyas,PE,2021-06-11 11:06:41,-6.2317,-77.869,51.6,92,80,3.27
579,Baghdad,IQ,2021-06-11 11:06:41,33.3406,44.4009,98.51,16,0,18.41
580,Dhidhdhoo,MV,2021-06-11 11:06:42,6.8833,73.1,83.52,74,100,16.46
581,Chitral,PK,2021-06-11 11:06:42,35.8462,71.7858,90.99,12,22,3.87
582,Mandalgovi,MN,2021-06-11 11:06:42,45.7625,106.2708,70.12,40,25,24.23
583,Skibbereen,IE,2021-06-11 11:06:43,51.55,-9.2667,60.6,78,85,13.96
584,Christchurch,NZ,2021-06-11 11:05:50,-43.5333,172.6333,42.33,100,20,2.3
